﻿<?xml version="1.0"?>
<doc>
<assembly>
<name>
Advanced Library Editor
</name>
</assembly>
<members>
<member name="T:Advanced_Library_Editor.My.Resources.Resources">
<summary>
  Eine stark typisierte Ressourcenklasse zum Suchen von lokalisierten Zeichenfolgen usw.
</summary>
</member>
<member name="P:Advanced_Library_Editor.My.Resources.Resources.ResourceManager">
<summary>
  Gibt die zwischengespeicherte ResourceManager-Instanz zurück, die von dieser Klasse verwendet wird.
</summary>
</member>
<member name="P:Advanced_Library_Editor.My.Resources.Resources.Culture">
<summary>
  Überschreibt die CurrentUICulture-Eigenschaft des aktuellen Threads für alle
  Ressourcenzuordnungen, die diese stark typisierte Ressourcenklasse verwenden.
</summary>
</member>
<member name="P:Advanced_Library_Editor.My.Resources.Resources.waitbar">
<summary>
  Sucht eine lokalisierte Ressource vom Typ System.Drawing.Bitmap.
</summary>
</member>
<member name="M:Advanced_Library_Editor.Data.NewCommonProperty(System.String,Advanced_Library_Editor.Data.PropertyType,Advanced_Library_Editor.Data.EditorType,System.String)">
 <summary>
 Adds a new property to the centlib.prp file. 
 </summary>
 <param name="PropertyName"> Name of the new property. </param>
 <param name="Type">         Property type. </param>
 <param name="sLibPath">     Path to the central library. </param>
 <returns> Index for the new property. </returns>
 <exception cref="T:System.Exception"> CentlibPRP has not been read. </exception>
</member>
<member name="M:Advanced_Library_Editor.Data.ReadCentLibPRP(System.String)">
 <summary>
 Reads the centlibrary.prp file. 
 </summary>
 <param name="sLibPath"> Path to the central library. </param>
</member>
<member name="M:Advanced_Library_Editor.IniFile.#ctor(System.String)">
 <summary>
 IniFile Constructor
 </summary>
 <param name="IniPath"> The path to the INI file. </param>
</member>
<member name="M:Advanced_Library_Editor.IniFile.ReadValue(System.String,System.String)">
 <summary>
 Read value from INI file
 </summary>
 <param name="section"> The section of the file to look in </param>
 <param name="key">     The key in the section to look for </param>
</member>
<member name="M:Advanced_Library_Editor.IniFile.WriteValue(System.String,System.String,System.String)">
 <summary>
 Write value to INI file
 </summary>
 <param name="section"> The section of the file to write in </param>
 <param name="key">     The key in the section to write </param>
 <param name="value">   The value to write for the key </param>
</member>
</members>
</doc>
