﻿<?xml version="1.0"?>
<doc>
<assembly>
<name>
CreateDxDatabook
</name>
</assembly>
<members>
<member name="T:CreateDxDatabook.My.Resources.Resources">
<summary>
  Eine stark typisierte Ressourcenklasse zum Suchen von lokalisierten Zeichenfolgen usw.
</summary>
</member>
<member name="P:CreateDxDatabook.My.Resources.Resources.ResourceManager">
<summary>
  Gibt die zwischengespeicherte ResourceManager-Instanz zurück, die von dieser Klasse verwendet wird.
</summary>
</member>
<member name="P:CreateDxDatabook.My.Resources.Resources.Culture">
<summary>
  Überschreibt die CurrentUICulture-Eigenschaft des aktuellen Threads für alle
  Ressourcenzuordnungen, die diese stark typisierte Ressourcenklasse verwenden.
</summary>
</member>
<member name="P:CreateDxDatabook.My.Resources.Resources.databook">
<summary>
  Sucht eine lokalisierte Ressource vom Typ System.Drawing.Icon ähnlich wie (Symbol).
</summary>
</member>
<member name="P:CreateDxDatabook.My.Resources.Resources.dxparts">
<summary>
  Sucht eine lokalisierte Ressource vom Typ System.Drawing.Icon ähnlich wie (Symbol).
</summary>
</member>
</members>
</doc>
