﻿<?xml version="1.0"?>
<doc>
<assembly>
<name>
DxDbClass76
</name>
</assembly>
<members>
<member name="T:DxDbClass.My.Resources.Resources">
<summary>
  Eine stark typisierte Ressourcenklasse zum Suchen von lokalisierten Zeichenfolgen usw.
</summary>
</member>
<member name="P:DxDbClass.My.Resources.Resources.ResourceManager">
<summary>
  Gibt die zwischengespeicherte ResourceManager-Instanz zurück, die von dieser Klasse verwendet wird.
</summary>
</member>
<member name="P:DxDbClass.My.Resources.Resources.Culture">
<summary>
  Überschreibt die CurrentUICulture-Eigenschaft des aktuellen Threads für alle
  Ressourcenzuordnungen, die diese stark typisierte Ressourcenklasse verwenden.
</summary>
</member>
<member name="M:DxDbClass.DxDB.XmlFunc.AddChildNode(System.String,System.Xml.XmlElement,System.Xml.XmlNode@)">
 <summary>
 Loops from a specified RootNode recursively to the specified ParentNode and
 appennd a chile node. If RootNode is not specified RootNode is to document root.
 </summary>
 <param name="ParentNodeName">Node where child should be appended</param>
 <param name="DbcChild">Child Node to append</param>
 <param name="RootNode">Node where recursive search starts</param>
 <returns></returns>
 <remarks></remarks>
</member>
<member name="M:DxDbClass.DxDB.XmlFunc.AddCObArrayElement(System.String,System.Int32)">
 <summary>
 Adds a CObArray XML element to any level
 </summary>
 <param name="ParentNode">ParentNode for CObArray</param>
 <param name="ArraySize"> Optional: Defined array size</param>
 <remarks></remarks>
</member>
<member name="M:DxDbClass.DxDB.XmlFunc.AddCObArrayChildNodes(System.Xml.XmlNode@,System.Collections.Generic.List{System.Xml.XmlElement})">
 <summary>
 Add a list of XML Elements to CObArray of given XML node.
 </summary>
 <param name="CObArrayParent">Parent Node of CObArray</param>
 <param name="XmlElementArray">Arraylist of XML Elements</param>
</member>
<member name="M:DxDbClass.DxDB.XmlFunc.UpdateUseCentralLibrarySymbols(System.Xml.XmlElement@)">
 <summary>
 Update CConfigAtt UseCentralLibrarySymbols
 </summary>
 <param name="LibEntryOk"></param>
 <remarks></remarks>
</member>
<member name="M:DxDbClass.DxDB.XmlFunc.UpdateCObArraySize(System.Xml.XmlNode)">
 <summary>
 Updates the CObArray element count of given XML node
 </summary>
 <param name="CObArrayParent">Parent Node of CObArray</param>
</member>
<member name="M:DxDbClass.DxDB.XmlFunc.RemoveCObArrayChildNodes(System.Xml.XmlNode@)">
 <summary>
 Save current CObArray elements in ArrayList and delete elements.
 </summary>
 <param name="CObArrayParent">Parent Node of CObArray</param>
 <returns></returns>
</member>
</members>
</doc>
